business_name,author_name,text,photo,rating,rating_category,language,text_en,review_length,word_count,char_count,avg_word_length,sentiment_polarity,sentiment_subjectivity,tfidf_ambiance,tfidf_ate,tfidf_atmosphere,tfidf_bad,tfidf_beautiful,tfidf_best,tfidf_bit,tfidf_bread,tfidf_breakfast,tfidf_came,tfidf_clean,tfidf_come,tfidf_definitely,tfidf_delicious,tfidf_didn,tfidf_eat,tfidf_employees,tfidf_excellent,tfidf_expensive,tfidf_fast,tfidf_flavors,tfidf_food,tfidf_friendly,tfidf_good,tfidf_great,tfidf_high,tfidf_like,tfidf_liked,tfidf_little,tfidf_meat,tfidf_menu,tfidf_nice,tfidf_pizza,tfidf_place,tfidf_price,tfidf_prices,tfidf_quality,tfidf_really,tfidf_reasonable,tfidf_recommend,tfidf_restaurant,tfidf_say,tfidf_service,tfidf_staff,tfidf_taste,tfidf_tasty,tfidf_time,tfidf_tl,tfidf_view,tfidf_waiters,has_photo,rating_category_encoded,language_encoded,violation_profanity,violation_advertisement,violation_repetition,violation_low_quality,violation_rating_mismatch,violation_duplicate,violation_irrelevant,violation_rant_without_visit,has_violation
Haci'nin Yeri - Yigit Lokantasi,Gulsum Akar,we went to marmaris with my wife for a holiday we chose this restaurant as a place for dinner based on the reviews and because we wanted juicy food when we first went there was a serious queue you proceed by taking the food you want in the form of an open buffet both vegetable dishes and meat dishes were plentiful there was also dessert for those who wanted it after you get what you want you pay at the cashier they don t go through cards they work in cash there was a lot of food variety and the food prices were unbelievably cheap we paid only 84 tl for all the meals here it included buttermilk and bread but unfortunately i can t say it s too clean as a place,dataset/taste/hacinin_yeri_gulsum_akar.png,5,taste,en,we went to marmaris with my wife for a holiday we chose this restaurant as a place for dinner based on the reviews and because we wanted juicy food when we first went there was a serious queue you proceed by taking the food you want in the form of an open buffet both vegetable dishes and meat dishes were plentiful there was also dessert for those who wanted it after you get what you want you pay at the cashier they don t go through cards they work in cash there was a lot of food variety and the food prices were unbelievably cheap we paid only 84 tl for all the meals here it included buttermilk and bread but unfortunately i can t say it s too clean as a place,133,133,666,4.015037593984962,0.0261904761904762,0.7000000000000001,0.0,0.0,0.0,0.0,0.0,0.0,0.0,0.2602804197825649,0.0,0.0,0.2427090527466513,0.0,0.0,0.0,0.0,0.0,0.0,0.0,0.0,0.0,0.0,0.7170811213972338,0.0,0.0,0.0,0.0,0.0,0.0,0.0,0.2272639211418258,0.0,0.0,0.0,0.296302689668167,0.0,0.1850657315826966,0.0,0.0,0.0,0.0,0.2378621405168593,0.2523050184648598,0.0,0.0,0.0,0.0,0.0,0.2553651603702399,0.0,0.0,1,3,2,False,False,True,False,False,False,False,True,True
Haci'nin Yeri - Yigit Lokantasi,Oguzhan Cetin,during my holiday in marmaris we ate here to fit the food it s really good that the food is cheap and nice eating as much bread as you want is a big plus for those who are not satisfied without bread it is a place that i can recommend to those who will go to marmaris on july 1 there was a small increase but even the price hike is cheap i leave the photo of the latest prices and breakfast below there was a serious queue you proceed by taking the food you want in the form of an open buffet both vegetable dishes and meat dishes were plentiful there was also dessert for those who wanted it after you get what you want you pay at the cashier they don t go through cards they work in cash there was a lot of food variety and the food prices were unbelievably cheap we paid only 84 tl for all the meals here it included buttermilk and bread but unfortunately i can t say it s too clean as a place,dataset/menu/hacinin_yeri_oguzhan_cetin.png,4,menu,en,during my holiday in marmaris we ate here to fit the food it s really good that the food is cheap and nice eating as much bread as you want is a big plus for those who are not satisfied without bread it is a place that i can recommend to those who will go to marmaris on july 1 there was a small increase but even the price hike is cheap i leave the photo of the latest prices and breakfast below there was a serious queue you proceed by taking the food you want in the form of an open buffet both vegetable dishes and meat dishes were plentiful there was also dessert for those who wanted it after you get what you want you pay at the cashier they don t go through cards they work in cash there was a lot of food variety and the food prices were unbelievably cheap we paid only 84 tl for all the meals here it included buttermilk and bread but unfortunately i can t say it s too clean as a place,183,183,896,3.901639344262295,0.1645833333333333,0.6604166666666667,0.0,0.1494865930851311,0.0,0.0,0.0,0.0,0.0,0.5285287765373332,0.1660317104694802,0.0,0.1642827106880663,0.0,0.0,0.0,0.0,0.0,0.0,0.0,0.0,0.0,0.0,0.6067142380621465,0.0,0.096743855104097,0.0,0.0,0.0,0.0,0.0,0.1538283495578976,0.0,0.1157315506043557,0.0,0.2005586874160094,0.1512890158434578,0.2505312405599585,0.0,0.1544896427116776,0.0,0.1430041309740361,0.0,0.1707779412615324,0.0,0.0,0.0,0.0,0.0,0.1728492624653226,0.0,0.0,1,1,2,False,False,True,False,False,False,False,True,True
Haci'nin Yeri - Yigit Lokantasi,Yasin Kuyu,prices are very affordable the menu in the photo cost 108 liras you have to wait 10 15 minutes for food staff is annoying well it tastes good boiled meat was delicious,dataset/outdoor_atmosphere/hacinin_yeri_yasin_kuyu.png,3,outdoor_atmosphere,en,prices are very affordable the menu in the photo cost 108 liras you have to wait 10 15 minutes for food staff is annoying well it tastes good boiled meat was delicious,32,32,167,4.25,0.2749999999999999,0.7,0.0,0.0,0.0,0.0,0.0,0.0,0.0,0.0,0.0,0.0,0.0,0.0,0.0,0.2998125171763895,0.0,0.0,0.0,0.0,0.0,0.0,0.0,0.3411038607404321,0.0,0.2719542447555043,0.0,0.0,0.0,0.0,0.0,0.4324230472414996,0.4692703582192552,0.0,0.0,0.0,0.0,0.3521310694143389,0.0,0.0,0.0,0.0,0.0,0.0,0.0,0.434281991977625,0.0,0.0,0.0,0.0,0.0,0.0,1,2,2,False,False,False,False,False,False,False,False,False
Haci'nin Yeri - Yigit Lokantasi,Orhan Kapu,turkey s cheapest artisan restaurant and its food is delicious,dataset/indoor_atmosphere/hacinin_yeri_orhan_kapu.png,5,indoor_atmosphere,en,turkey s cheapest artisan restaurant and its food is delicious,10,10,62,5.3,1.0,1.0,0.0,0.0,0.0,0.0,0.0,0.0,0.0,0.0,0.0,0.0,0.0,0.0,0.0,0.4676153563065676,0.0,0.0,0.0,0.0,0.0,0.0,0.0,0.5320171581890315,0.0,0.0,0.0,0.0,0.0,0.0,0.0,0.0,0.0,0.0,0.0,0.0,0.0,0.0,0.0,0.0,0.0,0.0,0.7058991584771501,0.0,0.0,0.0,0.0,0.0,0.0,0.0,0.0,0.0,1,0,2,False,False,False,False,False,False,False,False,False
Haci'nin Yeri - Yigit Lokantasi,Ozgur Sati,i don t know what you will look for in terms of price performance point taste but yigit restaurant writes a big plus for those who come to work in this region,dataset/menu/hacinin_yeri_ozgur_sati.png,3,menu,en,i don t know what you will look for in terms of price performance point taste but yigit restaurant writes a big plus for those who come to work in this region,32,32,158,3.96875,0.0,0.1,0.0,0.0,0.0,0.0,0.0,0.0,0.0,0.0,0.0,0.0,0.0,0.5676284852120014,0.0,0.0,0.0,0.0,0.0,0.0,0.0,0.0,0.0,0.0,0.0,0.0,0.0,0.0,0.0,0.0,0.0,0.0,0.0,0.0,0.0,0.0,0.4998601181620365,0.0,0.0,0.0,0.0,0.0,0.5319518179454311,0.0,0.0,0.0,0.3807427326049893,0.0,0.0,0.0,0.0,0.0,1,1,2,False,False,False,False,False,False,False,True,True
Haci'nin Yeri - Yigit Lokantasi,Arda Karaca,generally good,dataset/indoor_atmosphere/hacinin_yeri_arda_karaca.png,4,indoor_atmosphere,en,generally good,2,2,14,6.5,0.7,0.6000000000000001,0.0,0.0,0.0,0.0,0.0,0.0,0.0,0.0,0.0,0.0,0.0,0.0,0.0,0.0,0.0,0.0,0.0,0.0,0.0,0.0,0.0,0.0,0.0,1.0,0.0,0.0,0.0,0.0,0.0,0.0,0.0,0.0,0.0,0.0,0.0,0.0,0.0,0.0,0.0,0.0,0.0,0.0,0.0,0.0,0.0,0.0,0.0,0.0,0.0,0.0,1,0,2,False,False,False,True,False,False,False,False,True
Haci'nin Yeri - Yigit Lokantasi,İrem Eren,what you see is 125 tl in total it s a pretty convenient place we can say that it is an artisan restaurant you should not expect a restaurant but they are still quite good in terms of price and performance as of july 1 prices will increase,dataset/taste/hacinin_yeri_irem_eren.png,5,taste,en,what you see is 125 tl in total it s a pretty convenient place we can say that it is an artisan restaurant you should not expect a restaurant but they are still quite good in terms of price and performance as of july 1 prices will increase,48,48,239,4.0,0.3166666666666666,0.7833333333333333,0.0,0.0,0.0,0.0,0.0,0.0,0.0,0.0,0.0,0.0,0.0,0.0,0.0,0.0,0.0,0.0,0.0,0.0,0.0,0.0,0.0,0.0,0.0,0.2059201872729498,0.0,0.0,0.0,0.0,0.0,0.0,0.0,0.0,0.0,0.213445507352811,0.3220200646470391,0.2666290273336768,0.0,0.0,0.0,0.0,0.6853883819887737,0.3635024220279838,0.0,0.0,0.0,0.0,0.0,0.367911248301528,0.0,0.0,1,3,2,False,False,False,False,False,False,False,False,False
Haci'nin Yeri - Yigit Lokantasi,Nadia Salim,delicious food at rock bottom prices friendly staff highly recommend,dataset/taste/hacinin_yeri_nadia_salim.png,5,taste,en,delicious food at rock bottom prices friendly staff highly recommend,10,10,68,5.9,0.5116666666666666,0.68,0.0,0.0,0.0,0.0,0.0,0.0,0.0,0.0,0.0,0.0,0.0,0.0,0.0,0.3131676346242416,0.0,0.0,0.0,0.0,0.0,0.0,0.0,0.3562982968000316,0.5075362827831622,0.0,0.0,0.0,0.0,0.0,0.0,0.0,0.0,0.0,0.0,0.0,0.0,0.3678167113393539,0.0,0.0,0.0,0.4199021969894716,0.0,0.0,0.0,0.4536270382184264,0.0,0.0,0.0,0.0,0.0,0.0,1,3,2,False,False,False,False,False,False,False,False,False
Haci'nin Yeri - Yigit Lokantasi,Mehmet Eser,every time i go i still experience the amazement i experienced years ago as if it were the first time there is no need to explain folk hero is a business,dataset/outdoor_atmosphere/hacinin_yeri_mehmet_eser.png,5,outdoor_atmosphere,en,every time i go i still experience the amazement i experienced years ago as if it were the first time there is no need to explain folk hero is a business,31,31,153,3.967741935483871,0.525,0.6166666666666667,0.0,0.0,0.0,0.0,0.0,0.0,0.0,0.0,0.0,0.0,0.0,0.0,0.0,0.0,0.0,0.0,0.0,0.0,0.0,0.0,0.0,0.0,0.0,0.0,0.0,0.0,0.0,0.0,0.0,0.0,0.0,0.0,0.0,0.0,0.0,0.0,0.0,0.0,0.0,0.0,0.0,0.0,0.0,0.0,0.0,0.0,1.0,0.0,0.0,0.0,1,2,2,False,False,False,False,False,False,False,False,False
Haci'nin Yeri - Yigit Lokantasi,Celal Ozer,the most f p of all businesses i ve seen,dataset/indoor_atmosphere/hacinin_yeri_celal_ozer.png,5,indoor_atmosphere,en,the most f p of all businesses i ve seen,10,10,40,3.1,0.5,0.5,0.0,0.0,0.0,0.0,0.0,0.0,0.0,0.0,0.0,0.0,0.0,0.0,0.0,0.0,0.0,0.0,0.0,0.0,0.0,0.0,0.0,0.0,0.0,0.0,0.0,0.0,0.0,0.0,0.0,0.0,0.0,0.0,0.0,0.0,0.0,0.0,0.0,0.0,0.0,0.0,0.0,0.0,0.0,0.0,0.0,0.0,0.0,0.0,0.0,0.0,1,0,2,False,False,False,False,False,False,False,False,False
Haci'nin Yeri - Yigit Lokantasi,Onur Celebi,the food was just like the ones my mother made prices were reasonable,dataset/taste/hacinin_yeri_onur_celebi.png,5,taste,en,the food was just like the ones my mother made prices were reasonable,13,13,69,4.384615384615385,0.2,0.6,0.0,0.0,0.0,0.0,0.0,0.0,0.0,0.0,0.0,0.0,0.0,0.0,0.0,0.0,0.0,0.0,0.0,0.0,0.0,0.0,0.0,0.4243873255409355,0.0,0.0,0.0,0.0,0.5207792227978455,0.0,0.0,0.0,0.0,0.0,0.0,0.0,0.0,0.4381069228129884,0.0,0.0,0.5972827832824399,0.0,0.0,0.0,0.0,0.0,0.0,0.0,0.0,0.0,0.0,0.0,1,3,2,False,False,False,False,False,False,False,False,False
Pizza Fellas,Kadir Tasci,the ambiance of the place is nice when we went there was a lot of queue and after waiting for a while they took our place the friend who took our order said half a half pizza and we preferred half chicken and half steak two people were easily satisfied a lot of patterns,dataset/indoor_atmosphere/pizza_fellas_kadir_tasci.png,5,indoor_atmosphere,en,the ambiance of the place is nice when we went there was a lot of queue and after waiting for a while they took our place the friend who took our order said half a half pizza and we preferred half chicken and half steak two people were easily satisfied a lot of patterns,54,54,270,4.018518518518518,-0.0238095238095237,0.5166666666666667,0.5179629640846447,0.0,0.0,0.0,0.0,0.0,0.0,0.0,0.0,0.0,0.0,0.0,0.0,0.0,0.0,0.0,0.0,0.0,0.0,0.0,0.0,0.0,0.0,0.0,0.0,0.0,0.0,0.0,0.0,0.0,0.0,0.3468030822588576,0.5002439522236175,0.6009974860480702,0.0,0.0,0.0,0.0,0.0,0.0,0.0,0.0,0.0,0.0,0.0,0.0,0.0,0.0,0.0,0.0,1,0,2,False,False,False,False,False,False,False,False,False
Pizza Fellas,Serkan Colak,flavor it has nothing but dough taste labor not befitting a touristic place service there was no wet wipes and napkins on the table but there was no sympathetic family to say this service and this taste were not available at this price,dataset/taste/pizza_fellas_serkan_colak.png,2,taste,en,flavor it has nothing but dough taste labor not befitting a touristic place service there was no wet wipes and napkins on the table but there was no sympathetic family to say this service and this taste were not available at this price,43,43,235,4.488372093023256,-0.1333333333333333,0.6,0.0,0.0,0.0,0.0,0.0,0.0,0.0,0.0,0.0,0.0,0.0,0.0,0.0,0.0,0.0,0.0,0.0,0.0,0.0,0.0,0.0,0.0,0.0,0.0,0.0,0.0,0.0,0.0,0.0,0.0,0.0,0.0,0.0,0.2428804785956103,0.3664278924811588,0.0,0.0,0.0,0.0,0.0,0.0,0.4136308293755122,0.5692495093677917,0.0,0.5582151966792359,0.0,0.0,0.0,0.0,0.0,1,3,2,False,False,False,False,False,False,False,True,True
Pizza Fellas,Selim Cun,it is in the center easy to reach close to the parking lot the prices are partially affordable the products are delicious but not quite satisfying the seating places are cramped the place is a little flat,dataset/indoor_atmosphere/pizza_fellas_selim_cun.png,4,indoor_atmosphere,en,it is in the center easy to reach close to the parking lot the prices are partially affordable the products are delicious but not quite satisfying the seating places are cramped the place is a little flat,37,37,204,4.54054054054054,0.2172619047619048,0.5511904761904762,0.0,0.0,0.0,0.0,0.0,0.0,0.0,0.0,0.0,0.0,0.0,0.0,0.0,0.4360435987321682,0.0,0.0,0.0,0.0,0.0,0.0,0.0,0.0,0.0,0.0,0.0,0.0,0.0,0.0,0.6160348780566521,0.0,0.0,0.0,0.0,0.4099813394561136,0.0,0.5121350508608019,0.0,0.0,0.0,0.0,0.0,0.0,0.0,0.0,0.0,0.0,0.0,0.0,0.0,0.0,1,0,2,False,False,True,False,False,False,False,False,True
Pizza Fellas,Zeki Celik,they make delicious pizza with nice ingredients on thin dough slice pizza and all pizza options are available you can try two different flavors as a whole by making two different choices for the whole pizza we wanted the mushroom and sausage it was very nice warm and it was cooked in its consistency without drying the ingredients,dataset/outdoor_atmosphere/pizza_fellas_zeki_celik.png,5,outdoor_atmosphere,en,they make delicious pizza with nice ingredients on thin dough slice pizza and all pizza options are available you can try two different flavors as a whole by making two different choices for the whole pizza we wanted the mushroom and sausage it was very nice warm and it was cooked in its consistency without drying the ingredients,58,58,331,4.724137931034483,0.338,0.6849999999999999,0.0,0.0,0.0,0.0,0.0,0.0,0.0,0.0,0.0,0.0,0.0,0.0,0.0,0.1450908990585477,0.0,0.0,0.0,0.0,0.0,0.0,0.2337146602194053,0.0,0.0,0.0,0.0,0.0,0.0,0.0,0.0,0.0,0.0,0.3148796769404837,0.9083924689575352,0.0,0.0,0.0,0.0,0.0,0.0,0.0,0.0,0.0,0.0,0.0,0.0,0.0,0.0,0.0,0.0,0.0,1,2,2,False,False,False,False,False,False,False,False,False
Pizza Fellas,Mustafa Caliskan,it s in a nice place but it s very small and their pizza is not that good to be exaggerated pizza dough is nice and thin they do not offer advice to the customer,dataset/taste/pizza_fellas_mustafa_caliskan.png,3,taste,en,it s in a nice place but it s very small and their pizza is not that good to be exaggerated pizza dough is nice and thin they do not offer advice to the customer,35,35,161,3.628571428571429,0.1124999999999999,0.8283333333333335,0.0,0.0,0.0,0.0,0.0,0.0,0.0,0.0,0.0,0.0,0.0,0.0,0.0,0.0,0.0,0.0,0.0,0.0,0.0,0.0,0.0,0.0,0.0,0.2252530639382996,0.0,0.0,0.0,0.0,0.0,0.0,0.0,0.5389259367411233,0.7773703705146615,0.2334849008822815,0.0,0.0,0.0,0.0,0.0,0.0,0.0,0.0,0.0,0.0,0.0,0.0,0.0,0.0,0.0,0.0,1,3,2,False,False,False,False,False,False,False,True,True
Pizza Fellas,Deniz Bilgin,i strongly recommend if i come to the taste part it was very enjoyable to eat with their special sauces also the whole pizza was huge,dataset/outdoor_atmosphere/pizza_fellas_deniz_bilgin.png,5,outdoor_atmosphere,en,i strongly recommend if i come to the taste part it was very enjoyable to eat with their special sauces also the whole pizza was huge,26,26,133,4.153846153846154,0.408095238095238,0.676952380952381,0.0,0.0,0.0,0.0,0.0,0.0,0.0,0.0,0.0,0.0,0.0,0.506197051215661,0.0,0.0,0.0,0.4571750925397191,0.0,0.0,0.0,0.0,0.0,0.0,0.0,0.0,0.0,0.0,0.0,0.0,0.0,0.0,0.0,0.0,0.4918664373697671,0.0,0.0,0.0,0.0,0.0,0.0,0.4213520414009671,0.0,0.0,0.0,0.0,0.3395369568961223,0.0,0.0,0.0,0.0,0.0,1,2,2,False,False,False,False,False,False,False,False,False
Pizza Fellas,Cihan Tas,it is very tasty similar to italian pizzas roast beef and mohair 180 tl other pizzas 150 tl an adult male eats 6 slices pizzas are one size and 8 slices,dataset/menu/pizza_fellas_cihan_tas.png,4,menu,en,it is very tasty similar to italian pizzas roast beef and mohair 180 tl other pizzas 150 tl an adult male eats 6 slices pizzas are one size and 8 slices,31,31,152,3.935483870967742,0.0291666666666666,0.2458333333333333,0.0,0.0,0.0,0.0,0.0,0.0,0.0,0.0,0.0,0.0,0.0,0.0,0.0,0.0,0.0,0.0,0.0,0.0,0.0,0.0,0.0,0.0,0.0,0.0,0.0,0.0,0.0,0.0,0.0,0.0,0.0,0.0,0.0,0.0,0.0,0.0,0.0,0.0,0.0,0.0,0.0,0.0,0.0,0.0,0.0,0.4429108726564062,0.0,0.8965656467223918,0.0,0.0,1,1,2,False,False,False,False,False,False,False,False,False
Pizza Fellas,Seda Sinem,do not come around marmaris and do not leave without eating pizza at pizza fellas we ate mixed pizza they can make two types of pizza so delicious,dataset/taste/pizza_fellas_seda_sinem.png,5,taste,en,do not come around marmaris and do not leave without eating pizza at pizza fellas we ate mixed pizza they can make two types of pizza so delicious,28,28,146,4.25,0.5,0.625,0.0,0.2095039306301956,0.0,0.0,0.0,0.0,0.0,0.0,0.0,0.0,0.0,0.2407759045135488,0.0,0.1494745448347584,0.0,0.0,0.0,0.0,0.0,0.0,0.0,0.0,0.0,0.0,0.0,0.0,0.0,0.0,0.0,0.0,0.0,0.0,0.9358378210473344,0.0,0.0,0.0,0.0,0.0,0.0,0.0,0.0,0.0,0.0,0.0,0.0,0.0,0.0,0.0,0.0,0.0,1,3,2,False,False,False,False,False,False,False,False,False
Pizza Fellas,Nesrin Kuyumcu,i never thought that the best pizza i ve ever eaten would be in akyaka thin pizzas are very tasty and the options are very good we recommend it to everyone who comes to akyaka,dataset/menu/pizza_fellas_nesrin_kuyumcu.png,5,menu,en,i never thought that the best pizza i ve ever eaten would be in akyaka thin pizzas are very tasty and the options are very good we recommend it to everyone who comes to akyaka,35,35,175,4.0285714285714285,0.4275,0.5575000000000001,0.0,0.0,0.0,0.0,0.0,0.5082789762057627,0.0,0.0,0.0,0.0,0.0,0.0,0.0,0.0,0.0,0.0,0.0,0.0,0.0,0.0,0.0,0.0,0.0,0.2827208080112482,0.0,0.0,0.0,0.0,0.0,0.0,0.0,0.0,0.4878485900109875,0.0,0.0,0.0,0.0,0.0,0.0,0.4179101960989942,0.0,0.0,0.0,0.0,0.0,0.4990753933880935,0.0,0.0,0.0,0.0,1,1,2,False,False,False,False,False,False,False,True,True
Pizza Fellas,Okan Uslu,it was as if a very delicious italian chef had come out of his hands you can eat with pleasure the owners are very good people i recommend,dataset/indoor_atmosphere/pizza_fellas_okan_uslu.png,4,indoor_atmosphere,en,it was as if a very delicious italian chef had come out of his hands you can eat with pleasure the owners are very good people i recommend,28,28,138,3.9642857142857135,0.6366666666666666,0.5933333333333334,0.0,0.0,0.0,0.0,0.0,0.0,0.0,0.0,0.0,0.0,0.0,0.5580533994797506,0.0,0.3464415513223893,0.0,0.504009483928354,0.0,0.0,0.0,0.0,0.0,0.0,0.0,0.3142505567450179,0.0,0.0,0.0,0.0,0.0,0.0,0.0,0.0,0.0,0.0,0.0,0.0,0.0,0.0,0.0,0.4645166116966656,0.0,0.0,0.0,0.0,0.0,0.0,0.0,0.0,0.0,0.0,1,0,2,False,False,False,False,False,False,False,False,False
Pizza Fellas,Huseyin Uysal,the pizza is big enough for 2 people the dough is very thin price is between 120 140 tl,dataset/taste/pizza_fellas_huseyin_uysal.png,4,taste,en,the pizza is big enough for 2 people the dough is very thin price is between 120 140 tl,19,19,87,3.631578947368421,-0.1733333333333333,0.5333333333333333,0.0,0.0,0.0,0.0,0.0,0.0,0.0,0.0,0.0,0.0,0.0,0.0,0.0,0.0,0.0,0.0,0.0,0.0,0.0,0.0,0.0,0.0,0.0,0.0,0.0,0.0,0.0,0.0,0.0,0.0,0.0,0.0,0.5878877384687803,0.0,0.5327839456836831,0.0,0.0,0.0,0.0,0.0,0.0,0.0,0.0,0.0,0.0,0.0,0.0,0.6087111582514233,0.0,0.0,1,3,2,False,False,False,False,False,False,False,False,False
Cafe Inn,Dila Kocatepe,the environment the interest and friendliness of the employees the taste is incredible it is so beautiful inside that you do not prefer to sit at the bottom of the sea depending on the day there are also things that are not written on the menu be sure to check it out hours have passed since the meal we are still talking about the beef brisket,dataset/indoor_atmosphere/cafe_inn_dila_kocatepe.png,5,indoor_atmosphere,en,the environment the interest and friendliness of the employees the taste is incredible it is so beautiful inside that you do not prefer to sit at the bottom of the sea depending on the day there are also things that are not written on the menu be sure to check it out hours have passed since the meal we are still talking about the beef brisket,66,66,344,4.227272727272728,0.75,0.9296296296296296,0.0,0.0,0.0,0.0,0.514966942050878,0.0,0.0,0.0,0.0,0.0,0.0,0.0,0.0,0.0,0.0,0.0,0.5193765778686791,0.0,0.0,0.0,0.0,0.0,0.0,0.0,0.0,0.0,0.0,0.0,0.0,0.0,0.56122067515911,0.0,0.0,0.0,0.0,0.0,0.0,0.0,0.0,0.0,0.0,0.0,0.0,0.0,0.3874124065258371,0.0,0.0,0.0,0.0,0.0,1,0,2,False,False,True,False,False,False,False,True,True
Cafe Inn,Hooman Sadati,without any taste how they are at the first rank we ate cafe inn pizza it was 70 tl,dataset/taste/cafe_inn_hooman_sadati.png,1,taste,en,without any taste how they are at the first rank we ate cafe inn pizza it was 70 tl,19,19,83,3.421052631578948,-0.275,0.6166666666666667,0.0,0.4892128554655434,0.0,0.0,0.0,0.0,0.0,0.0,0.0,0.0,0.0,0.0,0.0,0.0,0.0,0.0,0.0,0.0,0.0,0.0,0.0,0.0,0.0,0.0,0.0,0.0,0.0,0.0,0.0,0.0,0.0,0.0,0.546318977536683,0.0,0.0,0.0,0.0,0.0,0.0,0.0,0.0,0.0,0.0,0.0,0.3771257175409951,0.0,0.0,0.5656700009720439,0.0,0.0,1,3,2,False,False,False,False,False,False,False,True,True
Cafe Inn,Serap Gunay,pizza is delicious i can say it is one of the rare tastes prices are in the 200 300 range and one pizza is more than enough for two people if you are not very hungry the scenery is already gorgeous,dataset/indoor_atmosphere/cafe_inn_serap_gunay.png,5,indoor_atmosphere,en,pizza is delicious i can say it is one of the rare tastes prices are in the 200 300 range and one pizza is more than enough for two people if you are not very hungry the scenery is already gorgeous,41,41,197,3.829268292682927,0.3999999999999999,0.6833333333333332,0.0,0.0,0.0,0.0,0.0,0.0,0.0,0.0,0.0,0.0,0.0,0.0,0.0,0.2604398965840442,0.0,0.0,0.0,0.0,0.0,0.0,0.0,0.0,0.0,0.0,0.0,0.0,0.0,0.0,0.0,0.0,0.0,0.0,0.815287665208962,0.0,0.0,0.3058877600108469,0.0,0.0,0.0,0.0,0.0,0.4170248931430332,0.0,0.0,0.0,0.0,0.0,0.0,0.0,0.0,1,0,2,False,False,False,False,False,False,False,False,False
Cafe Inn,Tugba Gunaydin,the vegan breakfast made me extremely happy it was nice,dataset/menu/cafe_inn_tugba_gunaydin.png,4,menu,en,the vegan breakfast made me extremely happy it was nice,10,10,55,4.6,0.7,1.0,0.0,0.0,0.0,0.0,0.0,0.0,0.0,0.0,0.8203692399638887,0.0,0.0,0.0,0.0,0.0,0.0,0.0,0.0,0.0,0.0,0.0,0.0,0.0,0.0,0.0,0.0,0.0,0.0,0.0,0.0,0.0,0.0,0.5718341631286747,0.0,0.0,0.0,0.0,0.0,0.0,0.0,0.0,0.0,0.0,0.0,0.0,0.0,0.0,0.0,0.0,0.0,0.0,1,1,2,False,False,False,False,False,False,False,False,False
Cafe Inn,Can Ozdemir,whatever we ate was good the italian restaurant is the first thing that comes to mind apart from pizza and pasta ciger yahni was successful purslane salad presentations are successful taste point in datca,dataset/outdoor_atmosphere/cafe_inn_can_ozdemir.png,5,outdoor_atmosphere,en,whatever we ate was good the italian restaurant is the first thing that comes to mind apart from pizza and pasta ciger yahni was successful purslane salad presentations are successful taste point in datca,34,34,204,5.029411764705882,0.49,0.5666666666666667,0.0,0.4756417243650279,0.0,0.0,0.0,0.0,0.0,0.0,0.0,0.0,0.0,0.0,0.0,0.0,0.0,0.0,0.0,0.0,0.0,0.0,0.0,0.0,0.0,0.3078230168589621,0.0,0.0,0.0,0.0,0.0,0.0,0.0,0.0,0.5311636798293191,0.0,0.0,0.0,0.0,0.0,0.0,0.0,0.5122817783382563,0.0,0.0,0.0,0.3666639676156903,0.0,0.0,0.0,0.0,0.0,1,2,2,False,False,False,False,False,False,False,False,False
Cafe Inn,Berk Basarir,very enjoyable beautiful place pizza salad food taste is great,dataset/taste/cafe_inn_berk_basarir.png,5,taste,en,very enjoyable beautiful place pizza salad food taste is great,10,10,62,5.3,0.7666666666666666,0.8433333333333334,0.0,0.0,0.0,0.0,0.4615753262193147,0.0,0.0,0.0,0.0,0.0,0.0,0.0,0.0,0.0,0.0,0.0,0.0,0.0,0.0,0.0,0.0,0.3656456481262529,0.0,0.0,0.4339584008395105,0.0,0.0,0.0,0.0,0.0,0.0,0.0,0.5030334863553181,0.3021744284500609,0.0,0.0,0.0,0.0,0.0,0.0,0.0,0.0,0.0,0.0,0.3472456061187435,0.0,0.0,0.0,0.0,0.0,1,3,2,False,False,False,False,False,False,False,False,False
Cafe Inn,Mert Ozer,its breakfast is more satisfying than the places around it,dataset/indoor_atmosphere/cafe_inn_mert_ozer.png,4,indoor_atmosphere,en,its breakfast is more satisfying than the places around it,10,10,58,4.9,0.5,0.75,0.0,0.0,0.0,0.0,0.0,0.0,0.0,0.0,1.0,0.0,0.0,0.0,0.0,0.0,0.0,0.0,0.0,0.0,0.0,0.0,0.0,0.0,0.0,0.0,0.0,0.0,0.0,0.0,0.0,0.0,0.0,0.0,0.0,0.0,0.0,0.0,0.0,0.0,0.0,0.0,0.0,0.0,0.0,0.0,0.0,0.0,0.0,0.0,0.0,0.0,1,0,2,False,False,False,False,False,False,False,False,False
Cafe Inn,Kain Dijkman,nice intimate restaurant good service eye for detail clean really good food well presented,dataset/outdoor_atmosphere/cafe_inn_kain_dijkman.png,5,outdoor_atmosphere,en,nice intimate restaurant good service eye for detail clean really good food well presented,14,14,90,5.5,0.5133333333333333,0.7000000000000001,0.0,0.0,0.0,0.0,0.0,0.0,0.0,0.0,0.0,0.0,0.415749038072594,0.0,0.0,0.0,0.0,0.0,0.0,0.0,0.0,0.0,0.0,0.3070814449102066,0.0,0.4896579138547715,0.0,0.0,0.0,0.0,0.0,0.0,0.0,0.2928809771697162,0.0,0.0,0.0,0.0,0.0,0.390965793543023,0.0,0.0,0.4074465084621236,0.0,0.2973931323456827,0.0,0.0,0.0,0.0,0.0,0.0,0.0,1,2,2,False,False,False,False,False,False,False,False,False
Cafe Inn,Sarp Kendirci,the food is delicious but a little pricey the best cappucino in dat a is here,dataset/menu/cafe_inn_sarp_kendirci.png,3,menu,en,the food is delicious but a little pricey the best cappucino in dat a is here,16,16,77,3.875,0.6041666666666666,0.6,0.0,0.0,0.0,0.0,0.0,0.6185940551897924,0.0,0.0,0.0,0.0,0.0,0.0,0.0,0.3793283376438296,0.0,0.0,0.0,0.0,0.0,0.0,0.0,0.4315709086369995,0.0,0.0,0.0,0.0,0.0,0.0,0.5359085350714723,0.0,0.0,0.0,0.0,0.0,0.0,0.0,0.0,0.0,0.0,0.0,0.0,0.0,0.0,0.0,0.0,0.0,0.0,0.0,0.0,0.0,1,1,2,False,False,False,False,False,False,False,False,False
Cafe Inn,Zafer Togay,it s a very delicious beautiful small business but the appointment is a bit difficult to find the pizzas are great cafe inn pizza and a wonderful 4 cheese and brownie as dessert thank you for your good wishes,dataset/taste/cafe_inn_zafer_togay.png,5,taste,en,it s a very delicious beautiful small business but the appointment is a bit difficult to find the pizzas are great cafe inn pizza and a wonderful 4 cheese and brownie as dessert thank you for your good wishes,39,39,208,4.358974358974359,0.5142857142857143,0.8214285714285714,0.0,0.0,0.0,0.0,0.4366613207063317,0.0,0.4958109655198387,0.0,0.0,0.0,0.0,0.0,0.0,0.3040364642342363,0.0,0.0,0.0,0.0,0.0,0.0,0.0,0.0,0.0,0.275785706973368,0.4105350474304859,0.0,0.0,0.0,0.0,0.0,0.0,0.0,0.4758817337802321,0.0,0.0,0.0,0.0,0.0,0.0,0.0,0.0,0.0,0.0,0.0,0.0,0.0,0.0,0.0,0.0,0.0,1,3,2,False,False,False,False,False,False,False,True,True
Cafe Inn,Eren Kesti,when i went i waited for almost 20 minutes for the waiters to take care of me the taste was not bad the surrounding was beautiful,dataset/outdoor_atmosphere/cafe_inn_eren_kesti.png,2,outdoor_atmosphere,en,when i went i waited for almost 20 minutes for the waiters to take care of me the taste was not bad the surrounding was beautiful,26,26,129,4.0,0.6,0.8333333333333333,0.0,0.0,0.0,0.5309744019038377,0.5195608823987033,0.0,0.0,0.0,0.0,0.0,0.0,0.0,0.0,0.0,0.0,0.0,0.0,0.0,0.0,0.0,0.0,0.0,0.0,0.0,0.0,0.0,0.0,0.0,0.0,0.0,0.0,0.0,0.0,0.0,0.0,0.0,0.0,0.0,0.0,0.0,0.0,0.0,0.0,0.0,0.3908684526139592,0.0,0.0,0.0,0.0,0.5434560945974491,1,2,2,False,False,False,False,True,False,False,False,True
Riviera,Olgayali Yilmaz,it is a very very expensive place it took 30 minutes for 2 drinks to arrive,dataset/menu/riviera_olgayali_yilmaz.png,3,menu,en,it is a very very expensive place it took 30 minutes for 2 drinks to arrive,16,16,75,3.75,-0.65,0.91,0.0,0.0,0.0,0.0,0.0,0.0,0.0,0.0,0.0,0.0,0.0,0.0,0.0,0.0,0.0,0.0,0.0,0.0,0.8335221963784888,0.0,0.0,0.0,0.0,0.0,0.0,0.0,0.0,0.0,0.0,0.0,0.0,0.0,0.0,0.552485970993273,0.0,0.0,0.0,0.0,0.0,0.0,0.0,0.0,0.0,0.0,0.0,0.0,0.0,0.0,0.0,0.0,1,1,2,False,False,False,False,False,False,False,False,False
Riviera,Gorkey Bardakci,i had the creamy chicken vegetable stew it tasted excellent it was quite satisfying the environment is beautiful and spacious,dataset/taste/riviera_gorkey_bardakci.png,5,taste,en,i had the creamy chicken vegetable stew it tasted excellent it was quite satisfying the environment is beautiful and spacious,20,20,125,5.3,0.4375,0.9875,0.0,0.0,0.0,0.0,0.6585575357561945,0.0,0.0,0.0,0.0,0.0,0.0,0.0,0.0,0.0,0.0,0.0,0.0,0.752530379518813,0.0,0.0,0.0,0.0,0.0,0.0,0.0,0.0,0.0,0.0,0.0,0.0,0.0,0.0,0.0,0.0,0.0,0.0,0.0,0.0,0.0,0.0,0.0,0.0,0.0,0.0,0.0,0.0,0.0,0.0,0.0,0.0,1,3,2,False,False,False,False,False,False,False,False,False
Riviera,Mehmet Yaliniz,quality service and rich menu the attitude of the staff is really excellent a business that deserves 5 stars,dataset/outdoor_atmosphere/riviera_mehmet_yaliniz.png,5,outdoor_atmosphere,en,quality service and rich menu the attitude of the staff is really excellent a business that deserves 5 stars,19,19,108,4.7368421052631575,0.6875,0.875,0.0,0.0,0.0,0.0,0.0,0.0,0.0,0.0,0.0,0.0,0.0,0.0,0.0,0.0,0.0,0.0,0.0,0.4569010081391608,0.0,0.0,0.0,0.0,0.0,0.0,0.0,0.0,0.0,0.0,0.0,0.0,0.4357587476967699,0.0,0.0,0.0,0.0,0.0,0.4266232988311896,0.4032689763094087,0.0,0.0,0.0,0.0,0.3067517057072017,0.4032689763094087,0.0,0.0,0.0,0.0,0.0,0.0,1,2,2,False,False,False,False,False,False,False,False,False
Riviera,Goksel Aybek,the sushi was too small so it was not possible to taste the ingredients the rice was overcooked and lacked flavor it was missing except for the tail of the shrimp,dataset/taste/riviera_goksel_aybek.png,2,taste,en,the sushi was too small so it was not possible to taste the ingredients the rice was overcooked and lacked flavor it was missing except for the tail of the shrimp,31,31,162,4.258064516129032,-0.15,0.4833333333333333,0.0,0.0,0.0,0.0,0.0,0.0,0.0,0.0,0.0,0.0,0.0,0.0,0.0,0.0,0.0,0.0,0.0,0.0,0.0,0.0,0.0,0.0,0.0,0.0,0.0,0.0,0.0,0.0,0.0,0.0,0.0,0.0,0.0,0.0,0.0,0.0,0.0,0.0,0.0,0.0,0.0,0.0,0.0,0.0,1.0,0.0,0.0,0.0,0.0,0.0,1,3,2,False,False,False,False,False,False,False,True,True
Riviera,Cahide Koral,the staff was very engaged service and taste were perfect,dataset/indoor_atmosphere/riviera_cahide_koral.png,4,indoor_atmosphere,en,the staff was very engaged service and taste were perfect,10,10,57,4.8,0.6,0.65,0.0,0.0,0.0,0.0,0.0,0.0,0.0,0.0,0.0,0.0,0.0,0.0,0.0,0.0,0.0,0.0,0.0,0.0,0.0,0.0,0.0,0.0,0.0,0.0,0.0,0.0,0.0,0.0,0.0,0.0,0.0,0.0,0.0,0.0,0.0,0.0,0.0,0.0,0.0,0.0,0.0,0.0,0.5205866856693664,0.684385631454582,0.5104956514626714,0.0,0.0,0.0,0.0,0.0,1,0,2,False,False,False,False,False,False,False,False,False
Riviera,Aya Zhol,perfect location next to the sea music light in the evening lounge atmosphere in short everything is beautiful,dataset/outdoor_atmosphere/riviera_aya_zhol.png,4,outdoor_atmosphere,en,perfect location next to the sea music light in the evening lounge atmosphere in short everything is beautiful,18,18,110,5.166666666666667,0.45,0.6,0.0,0.0,0.7349844532953982,0.0,0.6780839574964627,0.0,0.0,0.0,0.0,0.0,0.0,0.0,0.0,0.0,0.0,0.0,0.0,0.0,0.0,0.0,0.0,0.0,0.0,0.0,0.0,0.0,0.0,0.0,0.0,0.0,0.0,0.0,0.0,0.0,0.0,0.0,0.0,0.0,0.0,0.0,0.0,0.0,0.0,0.0,0.0,0.0,0.0,0.0,0.0,0.0,1,2,2,False,False,False,False,False,False,False,False,False
Riviera,Metin Tumay,it was very expensive but taste wasn t bad,dataset/menu/riviera_metin_tumay.png,2,menu,en,it was very expensive but taste wasn t bad,9,9,42,3.7777777777777777,-0.6749999999999999,0.7883333333333333,0.0,0.0,0.0,0.6355267450689551,0.0,0.0,0.0,0.0,0.0,0.0,0.0,0.0,0.0,0.0,0.0,0.0,0.0,0.0,0.6141970581053751,0.0,0.0,0.0,0.0,0.0,0.0,0.0,0.0,0.0,0.0,0.0,0.0,0.0,0.0,0.0,0.0,0.0,0.0,0.0,0.0,0.0,0.0,0.0,0.0,0.0,0.4678330152060259,0.0,0.0,0.0,0.0,0.0,1,1,2,False,False,False,False,False,False,False,True,True
Riviera,Yılmaz Unal,good quality service nice customer service they are happy to help with a smile,dataset/indoor_atmosphere/riviera_yılmaz_unal.png,5,indoor_atmosphere,en,good quality service nice customer service they are happy to help with a smile,14,14,78,4.642857142857143,0.5999999999999999,0.675,0.0,0.0,0.0,0.0,0.0,0.0,0.0,0.0,0.0,0.0,0.0,0.0,0.0,0.0,0.0,0.0,0.0,0.0,0.0,0.0,0.0,0.0,0.0,0.2989807113204765,0.0,0.0,0.0,0.0,0.0,0.0,0.0,0.3576609727272141,0.0,0.0,0.0,0.0,0.5050901589618487,0.0,0.0,0.0,0.0,0.0,0.7263422706727314,0.0,0.0,0.0,0.0,0.0,0.0,0.0,1,0,2,False,False,False,False,False,False,False,False,False
Riviera,Alex Aali,scrambled eggs with casserole and toast waited 30 minutes at 12 30pm the main menu was denied and showed only breakfast available prices are much higher than other places,dataset/taste/riviera_alex_aali.png,2,taste,en,scrambled eggs with casserole and toast waited 30 minutes at 12 30pm the main menu was denied and showed only breakfast available prices are much higher than other places,29,29,170,4.896551724137931,0.1383333333333333,0.5216666666666667,0.0,0.0,0.0,0.0,0.0,0.0,0.0,0.0,0.6225549772794662,0.0,0.0,0.0,0.0,0.0,0.0,0.0,0.0,0.0,0.0,0.0,0.0,0.0,0.0,0.0,0.0,0.0,0.0,0.0,0.0,0.0,0.6259466763073503,0.0,0.0,0.0,0.0,0.4696978376406946,0.0,0.0,0.0,0.0,0.0,0.0,0.0,0.0,0.0,0.0,0.0,0.0,0.0,0.0,1,3,2,False,False,False,False,False,False,False,True,True
Riviera,Yahya Nawar,nice view good staff clean place and nice atmosphere,dataset/outdoor_atmosphere/riviera_yahya_nawar.png,3,outdoor_atmosphere,en,nice view good staff clean place and nice atmosphere,9,9,52,4.888888888888889,0.5666666666666667,0.8250000000000001,0.0,0.0,0.3899459605330181,0.0,0.0,0.0,0.0,0.0,0.0,0.0,0.3858382187178734,0.0,0.0,0.0,0.0,0.0,0.0,0.0,0.0,0.0,0.0,0.0,0.0,0.2272148820099567,0.0,0.0,0.0,0.0,0.0,0.0,0.0,0.5436196559895908,0.0,0.235518413279411,0.0,0.0,0.0,0.0,0.0,0.0,0.0,0.0,0.0,0.3628379900999794,0.0,0.0,0.0,0.0,0.4059578226886588,0.0,1,2,2,False,False,False,False,False,False,False,False,False
Riviera,Nirmal Narayan,nice food and good service located just near the beach as well,dataset/indoor_atmosphere/riviera_nirmal_narayan.png,5,indoor_atmosphere,en,nice food and good service located just near the beach as well,12,12,62,4.25,0.4666666666666666,0.6666666666666666,0.0,0.0,0.0,0.0,0.0,0.0,0.0,0.0,0.0,0.0,0.0,0.0,0.0,0.0,0.0,0.0,0.0,0.0,0.0,0.0,0.0,0.5358100977589769,0.0,0.4271890389985942,0.0,0.0,0.0,0.0,0.0,0.0,0.0,0.5110324560799746,0.0,0.0,0.0,0.0,0.0,0.0,0.0,0.0,0.0,0.0,0.5189054759123688,0.0,0.0,0.0,0.0,0.0,0.0,0.0,1,0,2,False,False,False,False,False,False,False,False,False
Sakip Usta Gaziantep,Gamze Aciogli,it was very nice to be greeted with a smile when we first entered we went with my wife the services are very fast the empty services are removed immediately the washbasins were hygienic and clean and i would recommend a very reasonable place,dataset/taste/sakip_usta_gaziantep_gamze_aciogli.png,4,taste,en,it was very nice to be greeted with a smile when we first entered we went with my wife the services are very fast the empty services are removed immediately the washbasins were hygienic and clean and i would recommend a very reasonable place,44,44,241,4.5,0.3023809523809523,0.599047619047619,0.0,0.0,0.0,0.0,0.0,0.0,0.0,0.0,0.0,0.0,0.4619072246553822,0.0,0.0,0.0,0.0,0.0,0.0,0.0,0.0,0.4571989547756769,0.0,0.0,0.0,0.0,0.0,0.0,0.0,0.0,0.0,0.0,0.0,0.3253978408368513,0.0,0.2819514795466079,0.0,0.0,0.0,0.0,0.4801696085369289,0.4020790804815355,0.0,0.0,0.0,0.0,0.0,0.0,0.0,0.0,0.0,0.0,1,3,2,False,False,False,False,False,False,False,False,False
Sakip Usta Gaziantep,Murat Erdemir,kebabs are good trotters are good desserts are good actually the decor part of the atmosphere is good only a lot of noise comes from the kitchen part employees are smiling,dataset/outdoor_atmosphere/sakip_usta_gaziantep_murat_erdemir.png,4,outdoor_atmosphere,en,kebabs are good trotters are good desserts are good actually the decor part of the atmosphere is good only a lot of noise comes from the kitchen part employees are smiling,31,31,171,4.548387096774194,0.4666666666666666,0.5833333333333334,0.0,0.0,0.3701645318208089,0.0,0.0,0.0,0.0,0.0,0.0,0.0,0.0,0.0,0.0,0.0,0.0,0.0,0.3444317118930373,0.0,0.0,0.0,0.0,0.0,0.0,0.8627543191571474,0.0,0.0,0.0,0.0,0.0,0.0,0.0,0.0,0.0,0.0,0.0,0.0,0.0,0.0,0.0,0.0,0.0,0.0,0.0,0.0,0.0,0.0,0.0,0.0,0.0,0.0,1,2,2,False,False,False,False,False,False,False,False,False
Sakip Usta Gaziantep,Berat Türk,if you come to antep sit down and taste the beyran soup served plain and with garlic,dataset/indoor_atmosphere/sakip_usta_gaziantep_berat_turk.png,5,indoor_atmosphere,en,if you come to antep sit down and taste the beyran soup served plain and with garlic,17,17,84,4.0,-0.1849206349206349,0.323015873015873,0.0,0.0,0.0,0.0,0.0,0.0,0.0,0.0,0.0,0.0,0.0,0.8304778322673456,0.0,0.0,0.0,0.0,0.0,0.0,0.0,0.0,0.0,0.0,0.0,0.0,0.0,0.0,0.0,0.0,0.0,0.0,0.0,0.0,0.0,0.0,0.0,0.0,0.0,0.0,0.0,0.0,0.0,0.0,0.0,0.0,0.5570516763393956,0.0,0.0,0.0,0.0,0.0,1,0,2,False,False,False,False,False,False,False,False,False
Sakip Usta Gaziantep,Agah Beyoglu,i asked for garlic but i had a hard time getting the taste of the meat from the garlic flavor i ll try again with little or no garlic quite satisfying i like the taste too you should definitely try it,dataset/taste/sakip_usta_gaziantep_agah_beyoglu.png,4,taste,en,i asked for garlic but i had a hard time getting the taste of the meat from the garlic flavor i ll try again with little or no garlic quite satisfying i like the taste too you should definitely try it,41,41,200,3.902439024390244,0.0052083333333333,0.6354166666666666,0.0,0.0,0.0,0.0,0.0,0.0,0.0,0.0,0.0,0.0,0.0,0.0,0.3825857414339597,0.0,0.0,0.0,0.0,0.0,0.0,0.0,0.0,0.0,0.0,0.0,0.0,0.0,0.353836800388944,0.0,0.3580554321936059,0.3655391967057138,0.0,0.0,0.0,0.0,0.0,0.0,0.0,0.0,0.0,0.0,0.0,0.0,0.0,0.0,0.5476689269035061,0.0,0.4082448025323723,0.0,0.0,0.0,1,3,2,False,False,False,False,False,False,False,True,True
Sakip Usta Gaziantep,Serap Keskin,taste was amazing price was not high,dataset/menu/sakip_usta_gaziantep_serap_keskin.png,4,menu,en,taste was amazing price was not high,7,7,36,4.285714285714286,0.26,0.72,0.0,0.0,0.0,0.0,0.0,0.0,0.0,0.0,0.0,0.0,0.0,0.0,0.0,0.0,0.0,0.0,0.0,0.0,0.0,0.0,0.0,0.0,0.0,0.0,0.0,0.6596902486814237,0.0,0.0,0.0,0.0,0.0,0.0,0.0,0.0,0.5978562753102972,0.0,0.0,0.0,0.0,0.0,0.0,0.0,0.0,0.0,0.4553862644686811,0.0,0.0,0.0,0.0,0.0,1,1,2,False,False,False,False,False,False,False,False,False
Sakip Usta Gaziantep,Ahmet Coban,when i ate it in the past it tasted very good i think the chef has changed the atmosphere was average,dataset/indoor_atmosphere/sakip_usta_gaziantep_ahmet_coban.png,2,indoor_atmosphere,en,when i ate it in the past it tasted very good i think the chef has changed the atmosphere was average,21,21,101,3.857142857142857,0.1699999999999999,0.4766666666666667,0.0,0.6140120949320864,0.6819707123331538,0.0,0.0,0.0,0.0,0.0,0.0,0.0,0.0,0.0,0.0,0.0,0.0,0.0,0.0,0.0,0.0,0.0,0.0,0.0,0.0,0.3973727403797614,0.0,0.0,0.0,0.0,0.0,0.0,0.0,0.0,0.0,0.0,0.0,0.0,0.0,0.0,0.0,0.0,0.0,0.0,0.0,0.0,0.0,0.0,0.0,0.0,0.0,0.0,1,0,2,False,False,False,False,False,False,False,True,True
Sakip Usta Gaziantep,Huseyin Bulut,we were very satisfied i strongly recommend trying it delicious appetizers come with the meals,dataset/taste/sakip_usta_gaziantep_huseyin_bulut.png,5,taste,en,we were very satisfied i strongly recommend trying it delicious appetizers come with the meals,15,15,94,5.333333333333333,0.6944444444444443,0.9111111111111112,0.0,0.0,0.0,0.0,0.0,0.0,0.0,0.0,0.0,0.0,0.0,0.6936644676238057,0.0,0.4306293886657535,0.0,0.0,0.0,0.0,0.0,0.0,0.0,0.0,0.0,0.0,0.0,0.0,0.0,0.0,0.0,0.0,0.0,0.0,0.0,0.0,0.0,0.0,0.0,0.0,0.0,0.5773975545268111,0.0,0.0,0.0,0.0,0.0,0.0,0.0,0.0,0.0,0.0,1,3,2,False,False,False,False,False,False,False,False,False
Sakip Usta Gaziantep,Merve Balci,the food tastes good the atmosphere of the place was not very attractive,dataset/outdoor_atmosphere/sakip_usta_gaziantep_merve_balci.png,3,outdoor_atmosphere,en,the food tastes good the atmosphere of the place was not very attractive,13,13,72,4.615384615384615,0.1961538461538461,0.6846153846153846,0.0,0.0,0.6683863476497309,0.0,0.0,0.0,0.0,0.0,0.0,0.0,0.0,0.0,0.0,0.0,0.0,0.0,0.0,0.0,0.0,0.0,0.0,0.488484413608435,0.0,0.389457362016808,0.0,0.0,0.0,0.0,0.0,0.0,0.0,0.0,0.0,0.4036900185885022,0.0,0.0,0.0,0.0,0.0,0.0,0.0,0.0,0.0,0.0,0.0,0.0,0.0,0.0,0.0,0.0,1,2,2,False,False,False,False,False,False,False,True,True
Sakip Usta Gaziantep,Goktug Yigit,we ate 1 mumbar and 1 kusleme and paid 310 tl the meals were very tasty,dataset/taste/sakip_usta_goktug_yigit.png,4,taste,en,we ate 1 mumbar and 1 kusleme and paid 310 tl the meals were very tasty,16,16,71,3.5,0.2,0.3,0.0,0.5239881725543861,0.0,0.0,0.0,0.0,0.0,0.0,0.0,0.0,0.0,0.0,0.0,0.0,0.0,0.0,0.0,0.0,0.0,0.0,0.0,0.0,0.0,0.0,0.0,0.0,0.0,0.0,0.0,0.0,0.0,0.0,0.0,0.0,0.0,0.0,0.0,0.0,0.0,0.0,0.0,0.0,0.0,0.0,0.0,0.5986197123595526,0.0,0.6058802150571361,0.0,0.0,1,3,2,False,False,False,False,False,False,False,False,False
Sakip Usta Gaziantep,Kutay Demir,very cheap and delicious,dataset/menu/sakip_usta_gaziantep_kutay_demir.png,5,menu,en,very cheap and delicious,4,4,24,5.25,0.76,0.955,0.0,0.0,0.0,0.0,0.0,0.0,0.0,0.0,0.0,0.0,0.0,0.0,0.0,1.0,0.0,0.0,0.0,0.0,0.0,0.0,0.0,0.0,0.0,0.0,0.0,0.0,0.0,0.0,0.0,0.0,0.0,0.0,0.0,0.0,0.0,0.0,0.0,0.0,0.0,0.0,0.0,0.0,0.0,0.0,0.0,0.0,0.0,0.0,0.0,0.0,1,1,2,False,False,False,True,False,False,False,False,True
Sakip Usta Gaziantep,Ali Kaya,ayran came when the meal was over the food was very bitter,dataset/indoor_atmosphere/sakip_usta_gaziantep_ali_kaya.png,5,indoor_atmosphere,en,ayran came when the meal was over the food was very bitter,12,12,58,3.9166666666666665,-0.13,0.65,0.0,0.0,0.0,0.0,0.0,0.0,0.0,0.0,0.0,0.7877229435447498,0.0,0.0,0.0,0.0,0.0,0.0,0.0,0.0,0.0,0.0,0.0,0.6160296780295532,0.0,0.0,0.0,0.0,0.0,0.0,0.0,0.0,0.0,0.0,0.0,0.0,0.0,0.0,0.0,0.0,0.0,0.0,0.0,0.0,0.0,0.0,0.0,0.0,0.0,0.0,0.0,0.0,1,0,2,False,False,False,False,False,False,False,False,False
Imam Cagdas,Mustafa Ay,although the prices are a little high the quality is high so it does not disappoint the taste was very good well done,dataset/outdoor_atmosphere/imam_cagdas_mustafa_ay.png,5,outdoor_atmosphere,en,although the prices are a little high the quality is high so it does not disappoint the taste was very good well done,23,23,117,4.130434782608695,0.260625,0.5900000000000001,0.0,0.0,0.0,0.0,0.0,0.0,0.0,0.0,0.0,0.0,0.0,0.0,0.0,0.0,0.0,0.0,0.0,0.0,0.0,0.0,0.0,0.0,0.0,0.2167506289177679,0.0,0.7480276350746766,0.0,0.0,0.3375900758686688,0.0,0.0,0.0,0.0,0.0,0.0,0.2806524708803957,0.366172818077907,0.0,0.0,0.0,0.0,0.0,0.0,0.0,0.258182920800229,0.0,0.0,0.0,0.0,0.0,1,2,2,False,False,False,False,False,False,False,True,True
Imam Cagdas,Yalcin Cokzehir,we ordered etli ali nazik kebab they said he was the most famous we ate meat with yogurt the food was cold,dataset/taste/imam_cagdas_yalcin_cohzehir.png,2,taste,en,we ordered etli ali nazik kebab they said he was the most famous we ate meat with yogurt the food was cold,22,22,106,3.863636363636364,0.1333333333333333,0.8333333333333334,0.0,0.6065800568518467,0.0,0.0,0.0,0.0,0.0,0.0,0.0,0.0,0.0,0.0,0.0,0.0,0.0,0.0,0.0,0.0,0.0,0.0,0.0,0.4923796166884043,0.0,0.0,0.0,0.0,0.0,0.0,0.0,0.6241978433953378,0.0,0.0,0.0,0.0,0.0,0.0,0.0,0.0,0.0,0.0,0.0,0.0,0.0,0.0,0.0,0.0,0.0,0.0,0.0,0.0,1,3,2,False,False,False,False,False,False,False,False,False
Imam Cagdas,Yusuf Gur,we came because it is a very famous place they had really delicious food,dataset/menu/imam_cagdas_yusuf_gur.png,4,menu,en,we came because it is a very famous place they had really delicious food,14,14,72,4.214285714285714,0.825,1.0,0.0,0.0,0.0,0.0,0.0,0.0,0.0,0.0,0.0,0.5350501991893881,0.0,0.0,0.0,0.3677780417895367,0.0,0.0,0.0,0.0,0.0,0.0,0.0,0.418429861206096,0.0,0.0,0.0,0.0,0.0,0.0,0.0,0.0,0.0,0.0,0.0,0.3457960044221082,0.0,0.0,0.0,0.5327308616004918,0.0,0.0,0.0,0.0,0.0,0.0,0.0,0.0,0.0,0.0,0.0,0.0,1,1,2,False,False,False,False,False,False,False,False,False
Imam Cagdas,Humeyra Akyuz,ali nazik was 240 tl lahmacun 50 tl even tea with a fee of 5 tl we visited so many places this was the most expensive,dataset/indoor_atmosphere/imam_cagdas_humeyra_akyuz.png,3,indoor_atmosphere,en,ali nazik was 240 tl lahmacun 50 tl even tea with a fee of 5 tl we visited so many places this was the most expensive,26,26,117,3.5384615384615383,0.1666666666666666,0.5666666666666667,0.0,0.0,0.0,0.0,0.0,0.0,0.0,0.0,0.0,0.0,0.0,0.0,0.0,0.0,0.0,0.0,0.0,0.0,0.2800783299633564,0.0,0.0,0.0,0.0,0.0,0.0,0.0,0.0,0.0,0.0,0.0,0.0,0.0,0.0,0.0,0.0,0.0,0.0,0.0,0.0,0.0,0.0,0.0,0.0,0.0,0.0,0.0,0.0,0.9599771502931396,0.0,0.0,1,0,2,False,True,False,False,False,False,False,False,True
Imam Cagdas,Muhammet Ikbal,the taste was very good but the prices were also very high,dataset/taste/imam_cagdas_muhammet_ikbal.png,5,taste,en,the taste was very good but the prices were also very high,12,12,58,3.9166666666666665,0.5589999999999999,0.7410000000000001,0.0,0.0,0.0,0.0,0.0,0.0,0.0,0.0,0.0,0.0,0.0,0.0,0.0,0.0,0.0,0.0,0.0,0.0,0.0,0.0,0.0,0.0,0.0,0.3760112292808098,0.0,0.6488257773571553,0.0,0.0,0.0,0.0,0.0,0.0,0.0,0.0,0.0,0.486865856414517,0.0,0.0,0.0,0.0,0.0,0.0,0.0,0.0,0.4478864855623312,0.0,0.0,0.0,0.0,0.0,1,3,2,False,False,False,False,False,False,False,True,True
Imam Cagdas,Olcay Akin,located in gaziantep historical bazaar the place stands out with its beautiful and spacious ambiance i liked the place very much we came for dessert after dinner,dataset/outdoor_atmosphere/imam_cagdas_olay_akin.png,5,outdoor_atmosphere,en,located in gaziantep historical bazaar the place stands out with its beautiful and spacious ambiance i liked the place very much we came for dessert after dinner,27,27,161,5.0,0.4275,0.515,0.4511258708387363,0.0,0.0,0.0,0.3997850610447799,0.0,0.0,0.0,0.0,0.404963839006891,0.0,0.0,0.0,0.0,0.0,0.0,0.0,0.0,0.0,0.0,0.0,0.0,0.0,0.0,0.0,0.0,0.0,0.4457198507694632,0.0,0.0,0.0,0.0,0.0,0.5234457539729037,0.0,0.0,0.0,0.0,0.0,0.0,0.0,0.0,0.0,0.0,0.0,0.0,0.0,0.0,0.0,0.0,1,2,2,False,False,False,False,False,False,False,False,False
Imam Cagdas,Duygu Er,i had the chance to taste many flavors all of them were very good i was amazed by ali nazik kebab,dataset/indoor_atmosphere/imam_cagdas_duygu_er.png,5,indoor_atmosphere,en,i had the chance to taste many flavors all of them were very good i was amazed by ali nazik kebab,21,21,97,3.6666666666666665,0.705,0.6400000000000001,0.0,0.0,0.0,0.0,0.0,0.0,0.0,0.0,0.0,0.0,0.0,0.0,0.0,0.0,0.0,0.0,0.0,0.0,0.0,0.0,0.7522789849688587,0.0,0.0,0.4236227036237576,0.0,0.0,0.0,0.0,0.0,0.0,0.0,0.0,0.0,0.0,0.0,0.0,0.0,0.0,0.0,0.0,0.0,0.0,0.0,0.0,0.5045989831031388,0.0,0.0,0.0,0.0,0.0,1,0,2,False,False,False,False,False,False,False,False,False
Imam Cagdas,Ceylan Birgun,the restaurant that made our four day gaziantep holiday poison there is already excessive noise it is impossible to hear the person next to you the waiters are indifferent the order takes too long to arrive,dataset/menu/imam_cagdas_ceylan_birgun.png,1,menu,en,the restaurant that made our four day gaziantep holiday poison there is already excessive noise it is impossible to hear the person next to you the waiters are indifferent the order takes too long to arrive,36,36,206,4.75,-0.2416666666666666,0.6,0.0,0.0,0.0,0.0,0.0,0.0,0.0,0.0,0.0,0.0,0.0,0.0,0.0,0.0,0.0,0.0,0.0,0.0,0.0,0.0,0.0,0.0,0.0,0.0,0.0,0.0,0.0,0.0,0.0,0.0,0.0,0.0,0.0,0.0,0.0,0.0,0.0,0.0,0.0,0.0,0.7088198358304133,0.0,0.0,0.0,0.0,0.0,0.0,0.0,0.0,0.7053895663626916,1,1,2,False,False,False,False,False,False,False,False,False
Imam Cagdas,Hakan Unveren,they sold us rotten pistachios it sucks,dataset/taste/imam_cagdas_hakan_unveren.png,1,taste,en,they sold us rotten pistachios it sucks,7,7,39,4.714285714285714,-0.3,0.3,0.0,0.0,0.0,0.0,0.0,0.0,0.0,0.0,0.0,0.0,0.0,0.0,0.0,0.0,0.0,0.0,0.0,0.0,0.0,0.0,0.0,0.0,0.0,0.0,0.0,0.0,0.0,0.0,0.0,0.0,0.0,0.0,0.0,0.0,0.0,0.0,0.0,0.0,0.0,0.0,0.0,0.0,0.0,0.0,0.0,0.0,0.0,0.0,0.0,0.0,1,3,2,False,False,False,False,False,False,False,False,False
Imam Cagdas,Hakan Solak,i don t know why we ate here despite the exorbitant prices a portion of kebab or sis meat product starts from 220 tl as of the end of june 2023 naturally you expect a good portion but a tiny portion in the middle of the plate,dataset/indoor_atmosphere/imam_cagdas_hakan_solak.png,2,indoor_atmosphere,en,i don t know why we ate here despite the exorbitant prices a portion of kebab or sis meat product starts from 220 tl as of the end of june 2023 naturally you expect a good portion but a tiny portion in the middle of the plate,47,47,225,3.808510638297872,0.1999999999999999,0.375,0.0,0.4705185945434026,0.0,0.0,0.0,0.0,0.0,0.0,0.0,0.0,0.0,0.0,0.0,0.0,0.0,0.0,0.0,0.0,0.0,0.0,0.0,0.0,0.0,0.3045074597985337,0.0,0.0,0.0,0.0,0.0,0.4841845502070815,0.0,0.0,0.0,0.0,0.0,0.3942815364397112,0.0,0.0,0.0,0.0,0.0,0.0,0.0,0.0,0.0,0.0,0.0,0.5440540878253302,0.0,0.0,1,0,2,False,False,False,False,False,False,False,True,True
Imam Cagdas,Sinan Ozen,a great business that does not compromise on its taste lahmacun garlic kebab yoghurt kebab the smile of the waiters everything is in place thank you very much for the nice service and delicious food,dataset/outdoor_atmosphere/imam_cagdas_sinan_ozen.png,5,outdoor_atmosphere,en,a great business that does not compromise on its taste lahmacun garlic kebab yoghurt kebab the smile of the waiters everything is in place thank you very much for the nice service and delicious food,35,35,198,4.685714285714286,0.592,0.622,0.0,0.0,0.0,0.0,0.0,0.0,0.0,0.0,0.0,0.0,0.0,0.0,0.0,0.304045073525322,0.0,0.0,0.0,0.0,0.0,0.0,0.0,0.3459193411780713,0.0,0.0,0.4105466724036057,0.0,0.0,0.0,0.0,0.0,0.0,0.3299228798918895,0.0,0.2858723459337142,0.0,0.0,0.0,0.0,0.0,0.0,0.0,0.0,0.3350057065218735,0.0,0.3285119675596418,0.0,0.0,0.0,0.0,0.4567568186292425,1,2,2,False,False,False,False,False,False,False,False,False
Gold Semaver,Tarik Yuce,the breakfast was very good i recommend it the presentations were also eye catching we paid 240tl for the table you see in the photo including 6 teas and 2 turkish coffees,dataset/taste/gold_semaver_tarik_yuce.png,5,taste,en,the breakfast was very good i recommend it the presentations were also eye catching we paid 240tl for the table you see in the photo including 6 teas and 2 turkish coffees,32,32,171,4.375,0.7549999999999999,0.8400000000000001,0.0,0.0,0.0,0.0,0.0,0.0,0.0,0.0,0.6931473875658283,0.0,0.0,0.0,0.0,0.0,0.0,0.0,0.0,0.0,0.0,0.0,0.0,0.0,0.0,0.4038851990311717,0.0,0.0,0.0,0.0,0.0,0.0,0.0,0.0,0.0,0.0,0.0,0.0,0.0,0.0,0.0,0.5970120979630297,0.0,0.0,0.0,0.0,0.0,0.0,0.0,0.0,0.0,0.0,1,3,2,False,False,False,False,False,False,False,False,False
Gold Semaver,Yasemin Uzuner,the place is beautiful the staff was very nice we asked for tiramisu it was very fresh and beautiful,dataset/outdoor_atmosphere/gold_semaver_yasemin_uzun.png,4,outdoor_atmosphere,en,the place is beautiful the staff was very nice we asked for tiramisu it was very fresh and beautiful,19,19,100,4.315789473684211,0.7175,0.9125,0.0,0.0,0.0,0.0,0.8153685583420296,0.0,0.0,0.0,0.0,0.0,0.0,0.0,0.0,0.0,0.0,0.0,0.0,0.0,0.0,0.0,0.0,0.0,0.0,0.0,0.0,0.0,0.0,0.0,0.0,0.0,0.0,0.3080203271706677,0.0,0.2668941710026386,0.0,0.0,0.0,0.0,0.0,0.0,0.0,0.0,0.0,0.4111752589854225,0.0,0.0,0.0,0.0,0.0,0.0,1,2,2,False,False,False,False,False,False,False,False,False
Gold Semaver,Gokhan Efe,beautiful place the breakfast is said to be good i had tea in the evening it was delicious it tastes like a samovar the environment is calm the music is jazz style suitable for the calm and soft atmosphere,dataset/indoor_atmosphere/gold_semaver_gokhan_efe.png,5,indoor_atmosphere,en,beautiful place the breakfast is said to be good i had tea in the evening it was delicious it tastes like a samovar the environment is calm the music is jazz style suitable for the calm and soft atmosphere,39,39,205,4.282051282051282,0.5428571428571428,0.7428571428571428,0.0,0.0,0.4577520789721013,0.0,0.4223141589865506,0.0,0.0,0.0,0.4577520789721013,0.0,0.0,0.0,0.0,0.294046890818338,0.0,0.0,0.0,0.0,0.0,0.0,0.0,0.0,0.0,0.2667243545010429,0.0,0.0,0.410529821058226,0.0,0.0,0.0,0.0,0.0,0.0,0.2764717530795716,0.0,0.0,0.0,0.0,0.0,0.0,0.0,0.0,0.0,0.0,0.0,0.0,0.0,0.0,0.0,0.0,1,0,2,False,False,False,False,False,False,False,False,False
Gold Semaver,Bunyamin Engin,hookah and ambiance is super,dataset/menu/gold_semaver_bunyamin_engin.png,5,menu,en,hookah and ambiance is super,5,5,28,4.8,0.3333333333333333,0.6666666666666666,1.0,0.0,0.0,0.0,0.0,0.0,0.0,0.0,0.0,0.0,0.0,0.0,0.0,0.0,0.0,0.0,0.0,0.0,0.0,0.0,0.0,0.0,0.0,0.0,0.0,0.0,0.0,0.0,0.0,0.0,0.0,0.0,0.0,0.0,0.0,0.0,0.0,0.0,0.0,0.0,0.0,0.0,0.0,0.0,0.0,0.0,0.0,0.0,0.0,0.0,1,1,2,False,False,False,False,False,False,False,False,False
Gold Semaver,Mehmet Mercan,they have a problem with the service but if you re going to drink tea they do it well your tea is always hot over the fire,dataset/taste/gold_semaver_mehmet_mercan.png,3,taste,en,they have a problem with the service but if you re going to drink tea they do it well your tea is always hot over the fire,27,27,122,3.555555555555556,0.25,0.8500000000000001,0.0,0.0,0.0,0.0,0.0,0.0,0.0,0.0,0.0,0.0,0.0,0.0,0.0,0.0,0.0,0.0,0.0,0.0,0.0,0.0,0.0,0.0,0.0,0.0,0.0,0.0,0.0,0.0,0.0,0.0,0.0,0.0,0.0,0.0,0.0,0.0,0.0,0.0,0.0,0.0,0.0,0.0,1.0,0.0,0.0,0.0,0.0,0.0,0.0,0.0,1,3,2,False,False,False,False,False,False,False,True,True
Gold Semaver,Hakan Tekelioglu,some of the coffee i wanted came spilled the coffee tasted dry also my wife s order was wrong,dataset/taste/gold_semaver_hakan_tekelioglu.png,1,taste,en,some of the coffee i wanted came spilled the coffee tasted dry also my wife s order was wrong,19,19,93,3.947368421052632,-0.2833333333333333,0.75,0.0,0.0,0.0,0.0,0.0,0.0,0.0,0.0,0.0,1.0,0.0,0.0,0.0,0.0,0.0,0.0,0.0,0.0,0.0,0.0,0.0,0.0,0.0,0.0,0.0,0.0,0.0,0.0,0.0,0.0,0.0,0.0,0.0,0.0,0.0,0.0,0.0,0.0,0.0,0.0,0.0,0.0,0.0,0.0,0.0,0.0,0.0,0.0,0.0,0.0,1,3,2,False,False,False,False,False,False,False,True,True
Gold Semaver,Mehrin Kuru,great,dataset/outdoor_atmosphere/gold_semaver_mehrin_guru.png,4,outdoor_atmosphere,en,great,1,1,5,5.0,0.8,0.75,0.0,0.0,0.0,0.0,0.0,0.0,0.0,0.0,0.0,0.0,0.0,0.0,0.0,0.0,0.0,0.0,0.0,0.0,0.0,0.0,0.0,0.0,0.0,0.0,1.0,0.0,0.0,0.0,0.0,0.0,0.0,0.0,0.0,0.0,0.0,0.0,0.0,0.0,0.0,0.0,0.0,0.0,0.0,0.0,0.0,0.0,0.0,0.0,0.0,0.0,1,2,2,False,False,False,True,False,False,False,False,True
Gold Semaver,Geordon Omand,lovely affordable seafront spot to while away the afternoon smoking nargile and playing backgammon tavla super hospitable employees and enjoyable ambience,dataset/indoor_atmosphere/gold_semaver_geordon_omand.png,5,indoor_atmosphere,en,lovely affordable seafront spot to while away the afternoon smoking nargile and playing backgammon tavla super hospitable employees and enjoyable ambience,21,21,154,6.380952380952381,0.4444444444444444,0.6722222222222222,0.0,0.0,0.0,0.0,0.0,0.0,0.0,0.0,0.0,0.0,0.0,0.0,0.0,0.0,0.0,0.0,1.0,0.0,0.0,0.0,0.0,0.0,0.0,0.0,0.0,0.0,0.0,0.0,0.0,0.0,0.0,0.0,0.0,0.0,0.0,0.0,0.0,0.0,0.0,0.0,0.0,0.0,0.0,0.0,0.0,0.0,0.0,0.0,0.0,0.0,1,0,2,False,False,False,False,False,False,False,False,False
Gold Semaver,ALi Bes,a cheap and delicious place if you are passing by you should not continue without having a cup of tea,dataset/taste/gold_semaver_ali_bes.png,4,taste,en,a cheap and delicious place if you are passing by you should not continue without having a cup of tea,20,20,101,4.1,0.7,0.85,0.0,0.0,0.0,0.0,0.0,0.0,0.0,0.0,0.0,0.0,0.0,0.0,0.0,0.7285439854855399,0.0,0.0,0.0,0.0,0.0,0.0,0.0,0.0,0.0,0.0,0.0,0.0,0.0,0.0,0.0,0.0,0.0,0.0,0.0,0.684999022782402,0.0,0.0,0.0,0.0,0.0,0.0,0.0,0.0,0.0,0.0,0.0,0.0,0.0,0.0,0.0,0.0,1,3,2,False,False,False,False,False,False,False,False,False
Gold Semaver,Bayram Kale,seaside great view,dataset/outdoor_atmosphere/gold_semaver_bayram_kale.png,5,outdoor_atmosphere,en,seaside great view,3,3,18,5.333333333333333,0.8,0.75,0.0,0.0,0.0,0.0,0.0,0.0,0.0,0.0,0.0,0.0,0.0,0.0,0.0,0.0,0.0,0.0,0.0,0.0,0.0,0.0,0.0,0.0,0.0,0.0,0.6401109648750484,0.0,0.0,0.0,0.0,0.0,0.0,0.0,0.0,0.0,0.0,0.0,0.0,0.0,0.0,0.0,0.0,0.0,0.0,0.0,0.0,0.0,0.0,0.0,0.7682824693084795,0.0,1,2,2,False,False,False,True,False,False,False,False,True
Gold Semaver,Beril Kendirci,prices are nice,dataset/menu/gold_semaver_beril_kendirci.png,4,menu,en,prices are nice,3,3,15,4.333333333333333,0.6,1.0,0.0,0.0,0.0,0.0,0.0,0.0,0.0,0.0,0.0,0.0,0.0,0.0,0.0,0.0,0.0,0.0,0.0,0.0,0.0,0.0,0.0,0.0,0.0,0.0,0.0,0.0,0.0,0.0,0.0,0.0,0.0,0.6786021656461096,0.0,0.0,0.0,0.7345060250130084,0.0,0.0,0.0,0.0,0.0,0.0,0.0,0.0,0.0,0.0,0.0,0.0,0.0,0.0,1,1,2,False,False,False,True,False,False,False,False,True
Fethiye Dondurmacisi,Yeliz Eker,bitter mango bodrum tangerine honey almond big babas mastic gum walnut blackberry and forest fruit definitely recommend,dataset/taste/fethiye_dondurmacisi_yeliz_eker.png,5,taste,en,bitter mango bodrum tangerine honey almond big babas mastic gum walnut blackberry and forest fruit definitely recommend,17,17,119,6.0588235294117645,-0.0333333333333333,0.3666666666666667,0.0,0.0,0.0,0.0,0.0,0.0,0.0,0.0,0.0,0.0,0.0,0.0,0.7476600004737082,0.0,0.0,0.0,0.0,0.0,0.0,0.0,0.0,0.0,0.0,0.0,0.0,0.0,0.0,0.0,0.0,0.0,0.0,0.0,0.0,0.0,0.0,0.0,0.0,0.0,0.0,0.6640817146192588,0.0,0.0,0.0,0.0,0.0,0.0,0.0,0.0,0.0,0.0,1,3,2,False,False,False,False,False,False,False,False,False
Fethiye Dondurmacisi,Murat Yesilci,the prices are cheap from the center the ice cream is legendary don t miss out it s worth waiting in line it s the best ice cream shop in fethiye real milk ice cream,dataset/indoor_atmosphere/fethiye_dondurmacisi_murat_yesilci.png,5,indoor_atmosphere,en,the prices are cheap from the center the ice cream is legendary don t miss out it s worth waiting in line it s the best ice cream shop in fethiye real milk ice cream,35,35,165,3.742857142857143,0.4666666666666667,0.4166666666666667,0.0,0.0,0.0,0.0,0.0,0.8114503500806731,0.0,0.0,0.0,0.0,0.0,0.0,0.0,0.0,0.0,0.0,0.0,0.0,0.0,0.0,0.0,0.0,0.0,0.0,0.0,0.0,0.0,0.0,0.0,0.0,0.0,0.0,0.0,0.0,0.0,0.5844213628487183,0.0,0.0,0.0,0.0,0.0,0.0,0.0,0.0,0.0,0.0,0.0,0.0,0.0,0.0,1,0,2,False,False,False,False,False,False,False,False,False
Fethiye Dondurmacisi,Arch Ao,absolutely perfect come try it,dataset/outdoor_atmosphere/fethiye_dondurmacisi_arch_ao.png,5,outdoor_atmosphere,en,absolutely perfect come try it,5,5,30,5.2,1.0,1.0,0.0,0.0,0.0,0.0,0.0,0.0,0.0,0.0,0.0,0.0,0.0,1.0,0.0,0.0,0.0,0.0,0.0,0.0,0.0,0.0,0.0,0.0,0.0,0.0,0.0,0.0,0.0,0.0,0.0,0.0,0.0,0.0,0.0,0.0,0.0,0.0,0.0,0.0,0.0,0.0,0.0,0.0,0.0,0.0,0.0,0.0,0.0,0.0,0.0,0.0,1,2,2,False,False,False,False,False,False,False,False,False
Fethiye Dondurmacisi,Zloy Grazhdanin,terrible this is a lie this is not ice cream this gum is an ice cream substitute,dataset/taste/fethiye_dondurmacisi_zloy_grazhdanin.png,1,taste,en,terrible this is a lie this is not ice cream this gum is an ice cream substitute,17,17,80,3.764705882352941,-1.0,1.0,0.0,0.0,0.0,0.0,0.0,0.0,0.0,0.0,0.0,0.0,0.0,0.0,0.0,0.0,0.0,0.0,0.0,0.0,0.0,0.0,0.0,0.0,0.0,0.0,0.0,0.0,0.0,0.0,0.0,0.0,0.0,0.0,0.0,0.0,0.0,0.0,0.0,0.0,0.0,0.0,0.0,0.0,0.0,0.0,0.0,0.0,0.0,0.0,0.0,0.0,1,3,2,False,False,False,False,False,False,False,True,True
Fethiye Dondurmacisi,Aygun Nurca,as i was crossing the road i noticed that we stopped the light ad is very good because everything has ice cream icons the only normal price i ve seen in fethiye is 6 tl,dataset/indoor_atmosphere/fethiye_dondurmacisi_aygun_nurca.png,4,indoor_atmosphere,en,as i was crossing the road i noticed that we stopped the light ad is very good because everything has ice cream icons the only normal price i ve seen in fethiye is 6 tl,35,35,168,3.8285714285714287,0.365,0.7825,0.0,0.0,0.0,0.0,0.0,0.0,0.0,0.0,0.0,0.0,0.0,0.0,0.0,0.0,0.0,0.0,0.0,0.0,0.0,0.0,0.0,0.0,0.0,0.3881428236999887,0.0,0.0,0.0,0.0,0.0,0.0,0.0,0.0,0.0,0.0,0.6069816603967979,0.0,0.0,0.0,0.0,0.0,0.0,0.0,0.0,0.0,0.0,0.0,0.0,0.693482813306967,0.0,0.0,1,0,2,False,False,False,False,False,False,False,False,False
Fethiye Dondurmacisi,Bekir Tunca,the atmosphere of the place was nice if you want to taste the ice creams i can say that it is an ordinary ice cream that you can eat anywhere,dataset/outdoor_atmosphere/fethiye_dondurmacisi_bekir_tunca.png,3,outdoor_atmosphere,en,the atmosphere of the place was nice if you want to taste the ice creams i can say that it is an ordinary ice cream that you can eat anywhere,30,30,141,3.733333333333333,0.175,0.75,0.0,0.0,0.4842897399061407,0.0,0.0,0.0,0.0,0.0,0.0,0.0,0.0,0.0,0.0,0.0,0.0,0.4525851171163914,0.0,0.0,0.0,0.0,0.0,0.0,0.0,0.0,0.0,0.0,0.0,0.0,0.0,0.0,0.0,0.3375716746074265,0.0,0.2924998914061969,0.0,0.0,0.0,0.0,0.0,0.0,0.0,0.4981337873433321,0.0,0.0,0.3361280522709665,0.0,0.0,0.0,0.0,0.0,1,2,2,False,False,False,False,False,False,False,False,False
Fethiye Dondurmacisi,Batuhan Kinik,it literally gave me the feeling of chewing sugar it s not even about ice cream,dataset/taste/fethiye_dondurmacisi_batuhan_kinik.png,2,taste,en,it literally gave me the feeling of chewing sugar it s not even about ice cream,16,16,79,4.0,0.0,0.0,0.0,0.0,0.0,0.0,0.0,0.0,0.0,0.0,0.0,0.0,0.0,0.0,0.0,0.0,0.0,0.0,0.0,0.0,0.0,0.0,0.0,0.0,0.0,0.0,0.0,0.0,0.0,0.0,0.0,0.0,0.0,0.0,0.0,0.0,0.0,0.0,0.0,0.0,0.0,0.0,0.0,0.0,0.0,0.0,0.0,0.0,0.0,0.0,0.0,0.0,1,3,2,False,False,False,False,False,False,False,True,True
Fethiye Dondurmacisi,Semanur Cetin,we visited with my friends the lemon one was great,dataset/taste/fethiye_dondurmacisi_semanur_cetin.png,4,taste,en,we visited with my friends the lemon one was great,10,10,50,4.1,0.8,0.75,0.0,0.0,0.0,0.0,0.0,0.0,0.0,0.0,0.0,0.0,0.0,0.0,0.0,0.0,0.0,0.0,0.0,0.0,0.0,0.0,0.0,0.0,0.0,0.0,1.0,0.0,0.0,0.0,0.0,0.0,0.0,0.0,0.0,0.0,0.0,0.0,0.0,0.0,0.0,0.0,0.0,0.0,0.0,0.0,0.0,0.0,0.0,0.0,0.0,0.0,1,3,2,False,True,False,False,False,False,False,False,True
Fethiye Dondurmacisi,Derya Halis,a great taste i went on recommendation it was really true i also recommend it to you,dataset/outdoor_atmosphere/fethiye_dondurmacisi_derya_halis.png,5,outdoor_atmosphere,en,a great taste i went on recommendation it was really true i also recommend it to you,17,17,84,4.0,0.575,0.7,0.0,0.0,0.0,0.0,0.0,0.0,0.0,0.0,0.0,0.0,0.0,0.0,0.0,0.0,0.0,0.0,0.0,0.0,0.0,0.0,0.0,0.0,0.0,0.0,0.514540861477859,0.0,0.0,0.0,0.0,0.0,0.0,0.0,0.0,0.0,0.0,0.0,0.0,0.5519724023247997,0.0,0.5109360882102844,0.0,0.0,0.0,0.0,0.411726222999926,0.0,0.0,0.0,0.0,0.0,1,2,2,False,False,False,False,False,False,False,False,False
Fethiye Dondurmacisi,Burak Aydogdu,their prices are very reasonable and their ice creams are delicious there is not only ice cream but also dessert sales inside there are many options for ice cream which is a very nice detail,dataset/taste/fethiye_dondurmacisi_burak_aydogdu.png,5,taste,en,their prices are very reasonable and their ice creams are delicious there is not only ice cream but also dessert sales inside there are many options for ice cream which is a very nice detail,35,35,190,4.457142857142857,0.508,0.8560000000000001,0.0,0.0,0.0,0.0,0.0,0.0,0.0,0.0,0.0,0.0,0.0,0.0,0.0,0.4041971804089163,0.0,0.0,0.0,0.0,0.0,0.0,0.0,0.0,0.0,0.0,0.0,0.0,0.0,0.0,0.0,0.0,0.0,0.4385991072260707,0.0,0.0,0.0,0.4747312978527662,0.0,0.0,0.6472137647864141,0.0,0.0,0.0,0.0,0.0,0.0,0.0,0.0,0.0,0.0,0.0,1,3,2,False,True,False,False,False,False,False,False,True
Fethiye Dondurmacisi,Ahmet Oz,on the way to the city center of fethiye a sweet place caught our attention the ice cream cone shaped totem on the road was very original,dataset/outdoor_atmosphere/fethiye_dondurmacisi_ahmet_oz.png,4,outdoor_atmosphere,en,on the way to the city center of fethiye a sweet place caught our attention the ice cream cone shaped totem on the road was very original,27,27,137,4.111111111111111,0.2458333333333333,0.5750000000000001,0.0,0.0,0.0,0.0,0.0,0.0,0.0,0.0,0.0,0.0,0.0,0.0,0.0,0.0,0.0,0.0,0.0,0.0,0.0,0.0,0.0,0.0,0.0,0.0,0.0,0.0,0.0,0.0,0.0,0.0,0.0,0.0,0.0,1.0,0.0,0.0,0.0,0.0,0.0,0.0,0.0,0.0,0.0,0.0,0.0,0.0,0.0,0.0,0.0,0.0,1,2,2,False,False,False,False,False,False,False,True,True
My Friends Burger,Ilknur Guntepe,the hamburger bread was very nice i didn t like his meatballs very much orders are coming out very quickly and the working friends are very kind thank you,dataset/indoor_atmosphere/my_friends_burger_ilknur_guntepe.png,4,indoor_atmosphere,en,the hamburger bread was very nice i didn t like his meatballs very much orders are coming out very quickly and the working friends are very kind thank you,29,29,154,4.344827586206897,0.5633333333333334,0.7275,0.0,0.0,0.0,0.0,0.0,0.0,0.0,0.5649645171208638,0.0,0.0,0.0,0.0,0.0,0.0,0.5613070041706976,0.0,0.0,0.0,0.0,0.0,0.0,0.0,0.0,0.0,0.0,0.0,0.477506420893015,0.0,0.0,0.0,0.0,0.3711295723453583,0.0,0.0,0.0,0.0,0.0,0.0,0.0,0.0,0.0,0.0,0.0,0.0,0.0,0.0,0.0,0.0,0.0,0.0,1,0,2,False,False,False,False,False,False,False,True,True
My Friends Burger,Fethi Duhan Calik,a place that makes unorthodox burgers in samsun the hamburger bread is big and wide with lots of sesame seeds,dataset/outdoor_atmosphere/my_friends_burger_fethi_duhan_calik.png,4,outdoor_atmosphere,en,a place that makes unorthodox burgers in samsun the hamburger bread is big and wide with lots of sesame seeds,20,20,109,4.5,-0.05,0.25,0.0,0.0,0.0,0.0,0.0,0.0,0.0,0.8690766154167775,0.0,0.0,0.0,0.0,0.0,0.0,0.0,0.0,0.0,0.0,0.0,0.0,0.0,0.0,0.0,0.0,0.0,0.0,0.0,0.0,0.0,0.0,0.0,0.0,0.0,0.4946775076104819,0.0,0.0,0.0,0.0,0.0,0.0,0.0,0.0,0.0,0.0,0.0,0.0,0.0,0.0,0.0,0.0,1,2,2,False,False,False,False,False,False,False,True,True
My Friends Burger,Gun Oksay,it s a very nice place the hamburger is very nice the staff is very good there is a children s playground,dataset/indoor_atmosphere/my_friends_burger_gun_oksay.png,5,indoor_atmosphere,en,it s a very nice place the hamburger is very nice the staff is very good there is a children s playground,22,22,105,3.8181818181818175,0.8233333333333333,0.9266666666666667,0.0,0.0,0.0,0.0,0.0,0.0,0.0,0.0,0.0,0.0,0.0,0.0,0.0,0.0,0.0,0.0,0.0,0.0,0.0,0.0,0.0,0.0,0.0,0.3108541562149379,0.0,0.0,0.0,0.0,0.0,0.0,0.0,0.7437295830697127,0.0,0.3222142712898715,0.0,0.0,0.0,0.0,0.0,0.0,0.0,0.0,0.0,0.49640101148969,0.0,0.0,0.0,0.0,0.0,0.0,1,0,2,False,False,False,False,False,False,False,False,False
My Friends Burger,Hatice Isik,the place is nice the waiters work sulkily the location service and presentation are beautiful and his hamburger might be the most mediocre hamburger i ve ever had there is no meat taste in the meatball,dataset/taste/my_friends_burger_hatice_isik.png,2,taste,en,the place is nice the waiters work sulkily the location service and presentation are beautiful and his hamburger might be the most mediocre hamburger i ve ever had there is no meat taste in the meatball,36,36,202,4.638888888888889,0.3625,0.875,0.0,0.0,0.0,0.0,0.436164043299879,0.0,0.0,0.0,0.0,0.0,0.0,0.0,0.0,0.0,0.0,0.0,0.0,0.0,0.0,0.0,0.0,0.0,0.0,0.0,0.0,0.0,0.0,0.0,0.0,0.4380159059972771,0.0,0.3295378266498085,0.0,0.2855387041030562,0.0,0.0,0.0,0.0,0.0,0.0,0.0,0.0,0.3346147211089972,0.0,0.3281285609944084,0.0,0.0,0.0,0.0,0.4562237374015525,1,3,2,False,False,False,False,True,False,False,False,True
My Friends Burger,Olcay Albayrak,mushroom burger the meat stays thin inside the huge burger bread and the meat and mushrooms do not stay in the bread because of the sauce applied on the bread,dataset/indoor_atmosphere/my_friends_burger_olcay_albayrak.png,3,indoor_atmosphere,en,mushroom burger the meat stays thin inside the huge burger bread and the meat and mushrooms do not stay in the bread because of the sauce applied on the bread,30,30,158,4.3,2.775557561562892e-17,0.875,0.0,0.0,0.0,0.0,0.0,0.0,0.0,0.8642423795083815,0.0,0.0,0.0,0.0,0.0,0.0,0.0,0.0,0.0,0.0,0.0,0.0,0.0,0.0,0.0,0.0,0.0,0.0,0.0,0.0,0.0,0.503075649839754,0.0,0.0,0.0,0.0,0.0,0.0,0.0,0.0,0.0,0.0,0.0,0.0,0.0,0.0,0.0,0.0,0.0,0.0,0.0,0.0,1,0,2,False,False,True,False,False,False,False,False,True
My Friends Burger,Mahzun Zara,they have really saturated menus the prices are very good and as a place with a very nice interior and exterior decor with sea views i would definitely recommend it at the same time,dataset/menu/my_friends_burger_mahzun_zara.png,5,menu,en,they have really saturated menus the prices are very good and as a place with a very nice interior and exterior decor with sea views i would definitely recommend it at the same time,34,34,181,4.352941176470588,0.378,0.5210000000000001,0.0,0.0,0.0,0.0,0.0,0.0,0.0,0.0,0.0,0.0,0.0,0.0,0.4181450816228023,0.0,0.0,0.0,0.0,0.0,0.0,0.0,0.0,0.0,0.0,0.2512575811839212,0.0,0.0,0.0,0.0,0.0,0.0,0.0,0.3005713328275621,0.0,0.2604397490225433,0.0,0.3253326707229619,0.0,0.4012316224522715,0.0,0.371402111371137,0.0,0.0,0.0,0.0,0.0,0.0,0.4461890180150639,0.0,0.0,0.0,1,1,2,False,False,False,False,False,False,False,False,False
My Friends Burger,Gonul Bilir,i never liked the service very bad when we brought the wrong burger and returned it we had to wait that much longer the potatoes were terrible the only onion rings and mushrooms were beautiful i will never go to this place again,dataset/taste/my_friends_burger_gonul_bilir.png,1,taste,en,i never liked the service very bad when we brought the wrong burger and returned it we had to wait that much longer the potatoes were terrible the only onion rings and mushrooms were beautiful i will never go to this place again,43,43,228,4.325581395348837,-0.2371428571428571,0.8238095238095239,0.0,0.0,0.0,0.4925757377272421,0.481987613760912,0.0,0.0,0.0,0.0,0.0,0.0,0.0,0.0,0.0,0.0,0.0,0.0,0.0,0.0,0.0,0.0,0.0,0.0,0.0,0.0,0.0,0.0,0.5373673711489186,0.0,0.0,0.0,0.0,0.0,0.3155375156232036,0.0,0.0,0.0,0.0,0.0,0.0,0.0,0.0,0.3697694787869355,0.0,0.0,0.0,0.0,0.0,0.0,0.0,1,3,2,False,False,False,False,False,False,False,True,True
My Friends Burger,Yunus Ercin,the burger is successful but the service is very slow i came to the place 2 times they bring the order incorrectly,dataset/outdoor_atmosphere/my_friends_burger_yunus_ercin.png,3,outdoor_atmosphere,en,the burger is successful but the service is very slow i came to the place 2 times they bring the order incorrectly,22,22,114,4.227272727272728,0.1799999999999999,0.735,0.0,0.0,0.0,0.0,0.0,0.0,0.0,0.0,0.0,0.7086516641332626,0.0,0.0,0.0,0.0,0.0,0.0,0.0,0.0,0.0,0.0,0.0,0.0,0.0,0.0,0.0,0.0,0.0,0.0,0.0,0.0,0.0,0.0,0.0,0.4579923796974828,0.0,0.0,0.0,0.0,0.0,0.0,0.0,0.0,0.5367082997869459,0.0,0.0,0.0,0.0,0.0,0.0,0.0,1,2,2,False,False,False,False,False,False,False,True,True
My Friends Burger,Nilufer Yilmaz,the menu content is beautifully varied and satisfying,dataset/taste/my_friends_burger_nilufer_yilmaz.png,5,taste,en,the menu content is beautifully varied and satisfying,8,8,53,5.75,0.675,1.0,0.0,0.0,0.0,0.0,0.0,0.0,0.0,0.0,0.0,0.0,0.0,0.0,0.0,0.0,0.0,0.0,0.0,0.0,0.0,0.0,0.0,0.0,0.0,0.0,0.0,0.0,0.0,0.0,0.0,0.0,1.0,0.0,0.0,0.0,0.0,0.0,0.0,0.0,0.0,0.0,0.0,0.0,0.0,0.0,0.0,0.0,0.0,0.0,0.0,0.0,1,3,2,False,False,False,False,False,False,False,False,False
My Friends Burger,Firat Ismail,the price was not right i bought a 2 piece menu the burger and bread did not taste good,dataset/taste/my_friends_burger_firat_ismail.png,2,taste,en,the price was not right i bought a 2 piece menu the burger and bread did not taste good,19,19,87,3.631578947368421,0.2785714285714286,0.5678571428571428,0.0,0.0,0.0,0.0,0.0,0.0,0.0,0.5451656584941605,0.0,0.0,0.0,0.0,0.0,0.0,0.0,0.0,0.0,0.0,0.0,0.0,0.0,0.0,0.0,0.2993673938737559,0.0,0.0,0.0,0.0,0.0,0.0,0.5165730885671677,0.0,0.0,0.0,0.4681537483290067,0.0,0.0,0.0,0.0,0.0,0.0,0.0,0.0,0.0,0.3565920363350003,0.0,0.0,0.0,0.0,0.0,1,3,2,False,False,False,False,True,False,False,True,True
My Friends Burger,Ayhan Aydin,the prices were generally reasonable the tastes were also good enough,dataset/menu/my_friends_burger_ayhan_aydin.png,4,menu,en,the prices were generally reasonable the tastes were also good enough,11,11,69,5.363636363636363,0.3,0.5666666666666668,0.0,0.0,0.0,0.0,0.0,0.0,0.0,0.0,0.0,0.0,0.0,0.0,0.0,0.0,0.0,0.0,0.0,0.0,0.0,0.0,0.0,0.0,0.0,0.4154892923179183,0.0,0.0,0.0,0.0,0.0,0.0,0.0,0.0,0.0,0.0,0.0,0.5379827366388414,0.0,0.0,0.7334461282519243,0.0,0.0,0.0,0.0,0.0,0.0,0.0,0.0,0.0,0.0,0.0,1,1,2,False,False,False,False,False,False,False,False,False
Mcdonalds Fethiye,Fatih Altinkaya,the menus offered by the friendly staff are something else the flavors we have tasted,dataset/indoor_atmosphere/mcdonalds_fethiye_fatih_altinkaya.png,5,indoor_atmosphere,en,the menus offered by the friendly staff are something else the flavors we have tasted,15,15,85,4.733333333333333,0.375,0.5,0.0,0.0,0.0,0.0,0.0,0.0,0.0,0.0,0.0,0.0,0.0,0.0,0.0,0.0,0.0,0.0,0.0,0.0,0.0,0.0,0.5953976421214985,0.0,0.5990341058338127,0.0,0.0,0.0,0.0,0.0,0.0,0.0,0.0,0.0,0.0,0.0,0.0,0.0,0.0,0.0,0.0,0.0,0.0,0.0,0.0,0.5354061895458854,0.0,0.0,0.0,0.0,0.0,0.0,1,0,2,False,False,False,False,False,False,False,True,True
